ID,target_name,amp_score,amp_status,task,Ct,Ct_mean,Ct_sd,quantity,quantity_mean,quantity_sd,intercept,r_squared,slope,efficiency,auto_threshold,threshold,auto_baseline,baseline_start,baseline_end,omit,run
P1,DWV,0.742,Amp,UNKNOWN,37.933,37.436,0.703,0.173,0.251,0.11,35.2228,0.993,-3.5567,91.05548,TRUE,0.04,TRUE,3,34,FALSE,
P2,DWV,0.953,Amp,UNKNOWN,34.009,33.22,0.876,2.194,2.975,3.432,35.2228,0.993,-3.5567,91.05548,TRUE,0.04,TRUE,3,31,FALSE,
P3,DWV,0,No Amp,UNKNOWN,Undetermined,NA,NA,0,NA,-,35.2228,0.993,-3.5567,91.05548,TRUE,0.04,TRUE,3,39,TRUE,
No Sample,DWV,0,No Amp,NTC,Undetermined,NA,NA,-,NA,-,35.2228,0.993,-3.5567,91.05548,TRUE,0.04,TRUE,3,39,TRUE,
P1,DWV,0.815,Amp,UNKNOWN,36.939,37.436,0.703,0.329,0.251,0.11,35.2228,0.993,-3.5567,91.05548,TRUE,0.04,TRUE,3,33,FALSE,
P2,DWV,0.942,Amp,UNKNOWN,33.374,NA,NA,0,NA,-,35.2228,0.993,-3.5567,91.05548,TRUE,0.04,TRUE,3,30,TRUE,
P3,DWV,0,No Amp,UNKNOWN,Undetermined,NA,NA,0,NA,-,35.2228,0.993,-3.5567,91.05548,TRUE,0.04,TRUE,3,39,TRUE,
Gblock,DWV,1.199,Amp,UNKNOWN,7.209,7.209,NA,7.52E+07,7.52E+07,-,35.2228,0.993,-3.5567,91.05548,TRUE,0.04,TRUE,3,5,FALSE,
P2,DWV,0.934,Amp,UNKNOWN,32.278,33.22,0.876,6.73,2.975,3.432,35.2228,0.993,-3.5567,91.05548,TRUE,0.04,TRUE,3,29,FALSE,
P3,DWV,0,No Amp,UNKNOWN,Undetermined,NA,NA,0,NA,-,35.2228,0.993,-3.5567,91.05548,TRUE,0.04,TRUE,3,39,TRUE,
P1,BQCV,0,No Amp,UNKNOWN,Undetermined,NA,NA,0,NA,-,34.8074,0.9981,-3.4422,95.21442,TRUE,0.047,TRUE,3,39,TRUE,
P2,BQCV,0,No Amp,UNKNOWN,Undetermined,NA,NA,0,NA,-,34.8074,0.9981,-3.4422,95.21442,TRUE,0.047,TRUE,3,39,TRUE,
P3,BQCV,1.058,Amp,UNKNOWN,23.94,24.058,0.133,1436.199,1330.269,117.173,34.8074,0.9981,-3.4422,95.21442,TRUE,0.047,TRUE,3,21,FALSE,
Gblock,BQCV,1.191,Amp,UNKNOWN,6.63,6.63,NA,1.53E+08,1.53E+08,-,34.8074,0.9981,-3.4422,95.21442,TRUE,0.047,TRUE,3,4,FALSE,
No Sample,BQCV,0,No Amp,NTC,Undetermined,NA,NA,-,NA,-,34.8074,0.9981,-3.4422,95.21442,TRUE,0.047,TRUE,3,39,TRUE,
P1,BQCV,0,No Amp,UNKNOWN,Undetermined,NA,NA,0,NA,-,34.8074,0.9981,-3.4422,95.21442,TRUE,0.047,TRUE,3,39,TRUE,
P2,BQCV,0.858,Amp,UNKNOWN,37.256,37.256,NA,0.194,0.194,-,34.8074,0.9981,-3.4422,95.21442,TRUE,0.047,TRUE,3,34,FALSE,
P3,BQCV,1.063,Amp,UNKNOWN,24.032,24.058,0.133,1350.199,1330.269,117.173,34.8074,0.9981,-3.4422,95.21442,TRUE,0.047,TRUE,3,21,FALSE,
P2,BQCV,0,No Amp,UNKNOWN,Undetermined,NA,NA,0,NA,-,34.8074,0.9981,-3.4422,95.21442,TRUE,0.047,TRUE,3,39,TRUE,
P3,BQCV,1.055,Amp,UNKNOWN,24.203,24.058,0.133,1204.41,1330.269,117.173,34.8074,0.9981,-3.4422,95.21442,TRUE,0.047,TRUE,3,21,FALSE,
P4,DWV,1.123,Amp,UNKNOWN,32.752,NA,NA,0,NA,-,35.2228,0.993,-3.5567,91.05548,TRUE,0.04,TRUE,3,30,TRUE,
P5,DWV,1.248,Amp,UNKNOWN,31.792,31.792,NA,9.214,9.214,-,35.2228,0.993,-3.5567,91.05548,TRUE,0.04,TRUE,3,29,FALSE,
P6,DWV,0,No Amp,UNKNOWN,Undetermined,NA,NA,0,NA,-,35.2228,0.993,-3.5567,91.05548,TRUE,0.04,TRUE,3,39,TRUE,
P7,DWV,1.166,Amp,UNKNOWN,33.046,33.046,NA,4.093,4.093,-,35.2228,0.993,-3.5567,91.05548,TRUE,0.04,TRUE,3,30,FALSE,
P8,DWV,0,No Amp,UNKNOWN,Undetermined,NA,NA,0,NA,-,35.2228,0.993,-3.5567,91.05548,TRUE,0.04,TRUE,3,39,TRUE,
P9,DWV,0,No Amp,UNKNOWN,Undetermined,NA,NA,0,NA,-,35.2228,0.993,-3.5567,91.05548,TRUE,0.04,TRUE,3,39,TRUE,
P10,DWV,0,No Amp,UNKNOWN,Undetermined,NA,NA,0,NA,-,35.2228,0.993,-3.5567,91.05548,TRUE,0.04,TRUE,3,39,TRUE,
P11,DWV,0,No Amp,UNKNOWN,Undetermined,NA,NA,0,NA,-,35.2228,0.993,-3.5567,91.05548,TRUE,0.04,TRUE,3,39,TRUE,
P12,DWV,1.254,Amp,UNKNOWN,34.342,34.891,0.777,1.769,1.319,0.636,35.2228,0.993,-3.5567,91.05548,TRUE,0.04,TRUE,3,31,FALSE,
P13,DWV,0,No Amp,UNKNOWN,Undetermined,NA,NA,0,NA,-,35.2228,0.993,-3.5567,91.05548,TRUE,0.04,TRUE,3,39,TRUE,
P14,DWV,1.129,Amp,UNKNOWN,35.339,36.773,2.029,0.928,0.464,0.656,35.2228,0.993,-3.5567,91.05548,TRUE,0.04,TRUE,3,32,FALSE,
P15,DWV,0,No Amp,UNKNOWN,Undetermined,NA,NA,0,NA,-,35.2228,0.993,-3.5567,91.05548,TRUE,0.04,TRUE,3,39,TRUE,
P4,DWV,1.111,Amp,UNKNOWN,35.506,34.129,1.948,0.832,0.416,0.588,35.2228,0.993,-3.5567,91.05548,TRUE,0.04,TRUE,3,33,FALSE,
P5,DWV,0,No Amp,UNKNOWN,Undetermined,NA,NA,0,NA,-,35.2228,0.993,-3.5567,91.05548,TRUE,0.04,TRUE,3,39,TRUE,
P6,DWV,1.253,Amp,UNKNOWN,32.977,32.977,NA,4.279,4.279,-,35.2228,0.993,-3.5567,91.05548,TRUE,0.04,TRUE,3,30,FALSE,
P7,DWV,0.597,No Amp,UNKNOWN,Undetermined,NA,NA,0,NA,-,35.2228,0.993,-3.5567,91.05548,TRUE,0.04,TRUE,3,35,TRUE,
P8,DWV,0,No Amp,UNKNOWN,Undetermined,NA,NA,0,NA,-,35.2228,0.993,-3.5567,91.05548,TRUE,0.04,TRUE,3,39,TRUE,
P9,DWV,0,No Amp,UNKNOWN,Undetermined,NA,NA,0,NA,-,35.2228,0.993,-3.5567,91.05548,TRUE,0.04,TRUE,3,39,TRUE,
P10,DWV,0,No Amp,UNKNOWN,Undetermined,NA,NA,0,NA,-,35.2228,0.993,-3.5567,91.05548,TRUE,0.04,TRUE,3,39,TRUE,
P11,DWV,0.579,No Amp,UNKNOWN,Undetermined,NA,NA,1.53E+10,NA,-,35.2228,0.993,-3.5567,91.05548,TRUE,0.04,TRUE,3,35,FALSE,
P12,DWV,1.172,Amp,UNKNOWN,35.44,34.891,0.777,0.869,1.319,0.636,35.2228,0.993,-3.5567,91.05548,TRUE,0.04,TRUE,3,32,FALSE,
P13,DWV,0,No Amp,UNKNOWN,Undetermined,NA,NA,0,NA,-,35.2228,0.993,-3.5567,91.05548,TRUE,0.04,TRUE,3,39,TRUE,
P14,DWV,0.833,No Amp,UNKNOWN,38.208,NA,NA,0,NA,-,35.2228,0.993,-3.5567,91.05548,TRUE,0.04,TRUE,3,35,TRUE,
P15,DWV,0,No Amp,UNKNOWN,Undetermined,NA,NA,0,NA,-,35.2228,0.993,-3.5567,91.05548,TRUE,0.04,TRUE,3,39,TRUE,
P4,BQCV,0,No Amp,UNKNOWN,Undetermined,NA,NA,0,NA,-,34.8074,0.9981,-3.4422,95.21442,TRUE,0.055,TRUE,3,39,TRUE,
P5,BQCV,0,No Amp,UNKNOWN,Undetermined,NA,NA,0,NA,-,34.8074,0.9981,-3.4422,95.21442,TRUE,0.055,TRUE,3,39,TRUE,
P6,BQCV,1.288,Amp,UNKNOWN,30.93,30.697,0.329,13.379,15.823,3.457,34.8074,0.9981,-3.4422,95.21442,TRUE,0.055,TRUE,3,27,FALSE,
P7,BQCV,0,No Amp,UNKNOWN,Undetermined,NA,NA,0,NA,-,34.8074,0.9981,-3.4422,95.21442,TRUE,0.055,TRUE,3,39,TRUE,
P8,BQCV,1.245,Amp,UNKNOWN,33.189,33.189,NA,2.953,2.953,-,34.8074,0.9981,-3.4422,95.21442,TRUE,0.055,TRUE,3,29,FALSE,
P9,BQCV,0,No Amp,UNKNOWN,Undetermined,NA,NA,0,NA,-,34.8074,0.9981,-3.4422,95.21442,TRUE,0.055,TRUE,3,39,TRUE,
P10,BQCV,0,No Amp,UNKNOWN,Undetermined,NA,NA,0,NA,-,34.8074,0.9981,-3.4422,95.21442,TRUE,0.055,TRUE,3,39,TRUE,
P11,BQCV,0,No Amp,UNKNOWN,Undetermined,NA,NA,0,NA,-,34.8074,0.9981,-3.4422,95.21442,TRUE,0.055,TRUE,3,39,TRUE,
P12,BQCV,0,No Amp,UNKNOWN,Undetermined,NA,NA,0,NA,-,34.8074,0.9981,-3.4422,95.21442,TRUE,0.055,TRUE,3,39,TRUE,
P13,BQCV,0,No Amp,UNKNOWN,Undetermined,NA,NA,0,NA,-,34.8074,0.9981,-3.4422,95.21442,TRUE,0.055,TRUE,3,39,TRUE,
P14,BQCV,0,No Amp,UNKNOWN,Undetermined,NA,NA,0,NA,-,34.8074,0.9981,-3.4422,95.21442,TRUE,0.055,TRUE,3,39,TRUE,
P15,BQCV,0,No Amp,UNKNOWN,Undetermined,NA,NA,0,NA,-,34.8074,0.9981,-3.4422,95.21442,TRUE,0.055,TRUE,3,39,TRUE,
P4,BQCV,1.144,Amp,UNKNOWN,33.362,33.362,NA,2.629,2.629,-,34.8074,0.9981,-3.4422,95.21442,TRUE,0.055,TRUE,3,30,FALSE,
P5,BQCV,0,No Amp,UNKNOWN,Undetermined,NA,NA,0,NA,-,34.8074,0.9981,-3.4422,95.21442,TRUE,0.055,TRUE,3,39,TRUE,
P6,BQCV,1.259,Amp,UNKNOWN,30.465,30.697,0.329,18.267,15.823,3.457,34.8074,0.9981,-3.4422,95.21442,TRUE,0.055,TRUE,3,27,FALSE,
P7,BQCV,0,No Amp,UNKNOWN,Undetermined,NA,NA,0,NA,-,34.8074,0.9981,-3.4422,95.21442,TRUE,0.055,TRUE,3,39,TRUE,
P8,BQCV,0,No Amp,UNKNOWN,Undetermined,NA,NA,0,NA,-,34.8074,0.9981,-3.4422,95.21442,TRUE,0.055,TRUE,3,39,TRUE,
P9,BQCV,0,No Amp,UNKNOWN,Undetermined,NA,NA,0,NA,-,34.8074,0.9981,-3.4422,95.21442,TRUE,0.055,TRUE,3,39,TRUE,
P10,BQCV,0,No Amp,UNKNOWN,Undetermined,NA,NA,0,NA,-,34.8074,0.9981,-3.4422,95.21442,TRUE,0.055,TRUE,3,39,TRUE,
P11,BQCV,0,No Amp,UNKNOWN,Undetermined,NA,NA,0,NA,-,34.8074,0.9981,-3.4422,95.21442,TRUE,0.055,TRUE,3,39,TRUE,
P12,BQCV,0,No Amp,UNKNOWN,Undetermined,NA,NA,0,NA,-,34.8074,0.9981,-3.4422,95.21442,TRUE,0.055,TRUE,3,39,TRUE,
P13,BQCV,0,No Amp,UNKNOWN,Undetermined,NA,NA,0,NA,-,34.8074,0.9981,-3.4422,95.21442,TRUE,0.055,TRUE,3,39,TRUE,
P14,BQCV,0,No Amp,UNKNOWN,Undetermined,NA,NA,0,NA,-,34.8074,0.9981,-3.4422,95.21442,TRUE,0.055,TRUE,3,39,TRUE,
P15,BQCV,0,No Amp,UNKNOWN,Undetermined,NA,NA,0,NA,-,34.8074,0.9981,-3.4422,95.21442,TRUE,0.055,TRUE,3,39,TRUE,
P16,DWV,0,No Amp,UNKNOWN,Undetermined,NA,NA,0,NA,-,35.2228,0.993,-3.5567,91.05548,TRUE,0.04,TRUE,3,39,TRUE,
P17,DWV,0,No Amp,UNKNOWN,Undetermined,NA,NA,0,NA,-,35.2228,0.993,-3.5567,91.05548,TRUE,0.04,TRUE,3,39,TRUE,
P18,DWV,0,No Amp,UNKNOWN,Undetermined,NA,NA,0,NA,-,35.2228,0.993,-3.5567,91.05548,TRUE,0.04,TRUE,3,39,TRUE,
P19,DWV,1.266,Amp,UNKNOWN,30.874,30.874,NA,16.702,16.702,-,35.2228,0.993,-3.5567,91.05548,TRUE,0.04,TRUE,3,28,FALSE,
P20,DWV,1.243,Amp,UNKNOWN,33.007,33.007,NA,4.198,4.198,-,35.2228,0.993,-3.5567,91.05548,TRUE,0.04,TRUE,3,30,FALSE,
P21,DWV,0,No Amp,UNKNOWN,Undetermined,NA,NA,0,NA,-,35.2228,0.993,-3.5567,91.05548,TRUE,0.04,TRUE,3,39,TRUE,
P22,DWV,0,No Amp,UNKNOWN,Undetermined,NA,NA,0,NA,-,35.2228,0.993,-3.5567,91.05548,TRUE,0.04,TRUE,3,39,TRUE,
P23,DWV,0.605,No Amp,UNKNOWN,39.948,39.948,NA,0.047,0.047,-,35.2228,0.993,-3.5567,91.05548,TRUE,0.04,TRUE,3,35,FALSE,
P24,DWV,0,No Amp,UNKNOWN,Undetermined,NA,NA,0,NA,-,35.2228,0.993,-3.5567,91.05548,TRUE,0.04,TRUE,3,39,TRUE,
P25,DWV,1.233,Amp,UNKNOWN,30.011,30.332,0.454,29.204,24.233,7.029,35.2228,0.993,-3.5567,91.05548,TRUE,0.04,TRUE,3,27,FALSE,
P26,DWV,0,No Amp,UNKNOWN,Undetermined,NA,NA,0,NA,-,35.2228,0.993,-3.5567,91.05548,TRUE,0.04,TRUE,3,39,TRUE,
No Sample,DWV,1.175,Amp,NTC,9.041,NA,NA,-,NA,-,35.2228,0.993,-3.5567,91.05548,TRUE,0.04,TRUE,3,6,FALSE,
P16,DWV,0,No Amp,UNKNOWN,Undetermined,NA,NA,0,NA,-,35.2228,0.993,-3.5567,91.05548,TRUE,0.04,TRUE,3,39,TRUE,
P17,DWV,0,No Amp,UNKNOWN,Undetermined,NA,NA,0,NA,-,35.2228,0.993,-3.5567,91.05548,TRUE,0.04,TRUE,3,39,TRUE,
P18,DWV,0,No Amp,UNKNOWN,Undetermined,NA,NA,0,NA,-,35.2228,0.993,-3.5567,91.05548,TRUE,0.04,TRUE,3,39,TRUE,
P19,DWV,0,No Amp,UNKNOWN,Undetermined,NA,NA,0,NA,-,35.2228,0.993,-3.5567,91.05548,TRUE,0.04,TRUE,3,39,TRUE,
P20,DWV,0,No Amp,UNKNOWN,Undetermined,NA,NA,0,NA,-,35.2228,0.993,-3.5567,91.05548,TRUE,0.04,TRUE,3,39,TRUE,
P21,DWV,0,No Amp,UNKNOWN,Undetermined,NA,NA,0,NA,-,35.2228,0.993,-3.5567,91.05548,TRUE,0.04,TRUE,3,39,TRUE,
P22,DWV,1.11,No Amp,UNKNOWN,36.366,36.366,NA,0.477,0.477,-,35.2228,0.993,-3.5567,91.05548,TRUE,0.04,TRUE,3,33,FALSE,
P23,DWV,0,No Amp,UNKNOWN,Undetermined,NA,NA,0,NA,-,35.2228,0.993,-3.5567,91.05548,TRUE,0.04,TRUE,3,39,TRUE,
P24,DWV,0.568,No Amp,UNKNOWN,Undetermined,NA,NA,1.53E+10,NA,-,35.2228,0.993,-3.5567,91.05548,TRUE,0.04,TRUE,3,35,FALSE,
P25,DWV,1.164,Amp,UNKNOWN,30.653,30.332,0.454,19.263,24.233,7.029,35.2228,0.993,-3.5567,91.05548,TRUE,0.04,TRUE,3,27,FALSE,
P26,DWV,0,No Amp,UNKNOWN,Undetermined,NA,NA,0,NA,-,35.2228,0.993,-3.5567,91.05548,TRUE,0.04,TRUE,3,39,TRUE,
Gblock,DWV,1.229,Amp,UNKNOWN,33.855,33.855,NA,2.424,2.424,-,35.2228,0.993,-3.5567,91.05548,TRUE,0.04,TRUE,3,31,FALSE,
P16,BQCV,0,No Amp,UNKNOWN,Undetermined,NA,NA,0,NA,-,34.8074,0.9981,-3.4422,95.21442,TRUE,0.055,TRUE,3,39,TRUE,
P17,BQCV,0,No Amp,UNKNOWN,Undetermined,NA,NA,0,NA,-,34.8074,0.9981,-3.4422,95.21442,TRUE,0.055,TRUE,3,39,TRUE,
P18,BQCV,0,No Amp,UNKNOWN,Undetermined,NA,NA,0,NA,-,34.8074,0.9981,-3.4422,95.21442,TRUE,0.055,TRUE,3,39,TRUE,
P19,BQCV,1.299,Amp,UNKNOWN,25.714,25.624,0.128,438.135,466.329,39.872,34.8074,0.9981,-3.4422,95.21442,TRUE,0.055,TRUE,3,22,FALSE,
P20,BQCV,0,No Amp,UNKNOWN,Undetermined,NA,NA,0,NA,-,34.8074,0.9981,-3.4422,95.21442,TRUE,0.055,TRUE,3,39,TRUE,
P21,BQCV,0,No Amp,UNKNOWN,Undetermined,NA,NA,0,NA,-,34.8074,0.9981,-3.4422,95.21442,TRUE,0.055,TRUE,3,39,TRUE,
P22,BQCV,0,No Amp,UNKNOWN,Undetermined,NA,NA,0,NA,-,34.8074,0.9981,-3.4422,95.21442,TRUE,0.055,TRUE,3,39,TRUE,
P23,BQCV,0,No Amp,UNKNOWN,Undetermined,NA,NA,0,NA,-,34.8074,0.9981,-3.4422,95.21442,TRUE,0.055,TRUE,3,39,TRUE,
P24,BQCV,0,No Amp,UNKNOWN,Undetermined,NA,NA,0,NA,-,34.8074,0.9981,-3.4422,95.21442,TRUE,0.055,TRUE,3,39,TRUE,
P25,BQCV,0,No Amp,UNKNOWN,Undetermined,NA,NA,0,NA,-,34.8074,0.9981,-3.4422,95.21442,TRUE,0.055,TRUE,3,39,TRUE,
P26,BQCV,0,No Amp,UNKNOWN,Undetermined,NA,NA,0,NA,-,34.8074,0.9981,-3.4422,95.21442,TRUE,0.055,TRUE,3,39,TRUE,
No Sample,BQCV,0,No Amp,NTC,Undetermined,NA,NA,-,NA,-,34.8074,0.9981,-3.4422,95.21442,TRUE,0.055,TRUE,3,39,TRUE,
P16,BQCV,0,No Amp,UNKNOWN,Undetermined,NA,NA,0,NA,-,34.8074,0.9981,-3.4422,95.21442,TRUE,0.055,TRUE,3,39,TRUE,
P17,BQCV,0,No Amp,UNKNOWN,Undetermined,NA,NA,0,NA,-,34.8074,0.9981,-3.4422,95.21442,TRUE,0.055,TRUE,3,39,TRUE,
P18,BQCV,0,No Amp,UNKNOWN,Undetermined,NA,NA,0,NA,-,34.8074,0.9981,-3.4422,95.21442,TRUE,0.055,TRUE,3,39,TRUE,
P19,BQCV,1.295,Amp,UNKNOWN,25.533,25.624,0.128,494.522,466.329,39.872,34.8074,0.9981,-3.4422,95.21442,TRUE,0.055,TRUE,3,22,FALSE,
P20,BQCV,0,No Amp,UNKNOWN,Undetermined,NA,NA,0,NA,-,34.8074,0.9981,-3.4422,95.21442,TRUE,0.055,TRUE,3,39,TRUE,
P21,BQCV,0,No Amp,UNKNOWN,Undetermined,NA,NA,0,NA,-,34.8074,0.9981,-3.4422,95.21442,TRUE,0.055,TRUE,3,39,TRUE,
P22,BQCV,0,No Amp,UNKNOWN,Undetermined,NA,NA,0,NA,-,34.8074,0.9981,-3.4422,95.21442,TRUE,0.055,TRUE,3,39,TRUE,
P23,BQCV,0,No Amp,UNKNOWN,Undetermined,NA,NA,0,NA,-,34.8074,0.9981,-3.4422,95.21442,TRUE,0.055,TRUE,3,39,TRUE,
P24,BQCV,0,No Amp,UNKNOWN,Undetermined,NA,NA,0,NA,-,34.8074,0.9981,-3.4422,95.21442,TRUE,0.055,TRUE,3,39,TRUE,
P25,BQCV,0,No Amp,UNKNOWN,Undetermined,NA,NA,0,NA,-,34.8074,0.9981,-3.4422,95.21442,TRUE,0.055,TRUE,3,39,TRUE,
P26,BQCV,0,No Amp,UNKNOWN,Undetermined,NA,NA,0,NA,-,34.8074,0.9981,-3.4422,95.21442,TRUE,0.055,TRUE,3,39,TRUE,
Gblock,BQCV,1.348,Amp,UNKNOWN,8.272,8.272,NA,5.12E+07,5.12E+07,-,34.8074,0.9981,-3.4422,95.21442,TRUE,0.055,TRUE,3,5,FALSE,
P27,DWV,0,No Amp,UNKNOWN,Undetermined,NA,NA,0,NA,-,35.2228,0.993,-3.5567,91.05548,TRUE,0.04,TRUE,3,39,TRUE,
P28,DWV,0,No Amp,UNKNOWN,Undetermined,NA,NA,0,NA,-,35.2228,0.993,-3.5567,91.05548,TRUE,0.04,TRUE,3,39,TRUE,
P29,DWV,0,No Amp,UNKNOWN,Undetermined,NA,NA,0,NA,-,35.2228,0.993,-3.5567,91.05548,TRUE,0.04,TRUE,3,39,TRUE,
P30,DWV,0,No Amp,UNKNOWN,Undetermined,NA,NA,0,NA,-,35.2228,0.993,-3.5567,91.05548,TRUE,0.04,TRUE,3,39,TRUE,
P31,DWV,0,No Amp,UNKNOWN,Undetermined,NA,NA,0,NA,-,35.2228,0.993,-3.5567,91.05548,TRUE,0.04,TRUE,3,39,TRUE,
P32,DWV,0,No Amp,UNKNOWN,Undetermined,NA,NA,0,NA,-,35.2228,0.993,-3.5567,91.05548,TRUE,0.04,TRUE,3,39,TRUE,
P33,DWV,0,No Amp,UNKNOWN,Undetermined,NA,NA,0,NA,-,35.2228,0.993,-3.5567,91.05548,TRUE,0.04,TRUE,3,39,TRUE,
P34,DWV,0,No Amp,UNKNOWN,Undetermined,NA,NA,0,NA,-,35.2228,0.993,-3.5567,91.05548,TRUE,0.04,TRUE,3,39,TRUE,
P35,DWV,0,No Amp,UNKNOWN,Undetermined,NA,NA,0,NA,-,35.2228,0.993,-3.5567,91.05548,TRUE,0.04,TRUE,3,39,TRUE,
P36,DWV,0,No Amp,UNKNOWN,Undetermined,NA,NA,0,NA,-,35.2228,0.993,-3.5567,91.05548,TRUE,0.04,TRUE,3,39,TRUE,
P37,DWV,1.261,Amp,UNKNOWN,34.394,34.394,NA,1.71,1.71,-,35.2228,0.993,-3.5567,91.05548,TRUE,0.04,TRUE,3,31,FALSE,
P38,DWV,0,No Amp,UNKNOWN,Undetermined,NA,NA,0,NA,-,35.2228,0.993,-3.5567,91.05548,TRUE,0.04,TRUE,3,39,TRUE,
P27,DWV,0,No Amp,UNKNOWN,Undetermined,NA,NA,0,NA,-,35.2228,0.993,-3.5567,91.05548,TRUE,0.04,TRUE,3,39,TRUE,
P28,DWV,0,No Amp,UNKNOWN,Undetermined,NA,NA,0,NA,-,35.2228,0.993,-3.5567,91.05548,TRUE,0.04,TRUE,3,39,TRUE,
P29,DWV,1.021,No Amp,UNKNOWN,37.274,37.274,NA,0.265,0.265,-,35.2228,0.993,-3.5567,91.05548,TRUE,0.04,TRUE,3,34,FALSE,
P30,DWV,0,No Amp,UNKNOWN,Undetermined,NA,NA,0,NA,-,35.2228,0.993,-3.5567,91.05548,TRUE,0.04,TRUE,3,39,TRUE,
P31,DWV,0,No Amp,UNKNOWN,Undetermined,NA,NA,0,NA,-,35.2228,0.993,-3.5567,91.05548,TRUE,0.04,TRUE,3,39,TRUE,
P32,DWV,0,No Amp,UNKNOWN,Undetermined,NA,NA,0,NA,-,35.2228,0.993,-3.5567,91.05548,TRUE,0.04,TRUE,3,39,TRUE,
P33,DWV,0,No Amp,UNKNOWN,Undetermined,NA,NA,0,NA,-,35.2228,0.993,-3.5567,91.05548,TRUE,0.04,TRUE,3,39,TRUE,
P34,DWV,0,No Amp,UNKNOWN,Undetermined,NA,NA,0,NA,-,35.2228,0.993,-3.5567,91.05548,TRUE,0.04,TRUE,3,39,TRUE,
P35,DWV,0,No Amp,UNKNOWN,Undetermined,NA,NA,0,NA,-,35.2228,0.993,-3.5567,91.05548,TRUE,0.04,TRUE,3,39,TRUE,
P36,DWV,0,No Amp,UNKNOWN,Undetermined,NA,NA,0,NA,-,35.2228,0.993,-3.5567,91.05548,TRUE,0.04,TRUE,3,39,TRUE,
P37,DWV,0,No Amp,UNKNOWN,Undetermined,NA,NA,0,NA,-,35.2228,0.993,-3.5567,91.05548,TRUE,0.04,TRUE,3,39,TRUE,
P38,DWV,0,No Amp,UNKNOWN,Undetermined,NA,NA,0,NA,-,35.2228,0.993,-3.5567,91.05548,TRUE,0.04,TRUE,3,39,TRUE,
P27,BQCV,0,No Amp,UNKNOWN,Undetermined,NA,NA,0,NA,-,34.8074,0.9981,-3.4422,95.21442,TRUE,0.04,TRUE,3,39,TRUE,
P28,BQCV,1.149,Amp,UNKNOWN,32.95,32.911,0.055,3.464,3.556,0.13,34.8074,0.9981,-3.4422,95.21442,TRUE,0.04,TRUE,3,30,FALSE,
P29,BQCV,0,No Amp,UNKNOWN,Undetermined,NA,NA,0,NA,-,34.8074,0.9981,-3.4422,95.21442,TRUE,0.04,TRUE,3,39,TRUE,
P30,BQCV,0,No Amp,UNKNOWN,Undetermined,NA,NA,0,NA,-,34.8074,0.9981,-3.4422,95.21442,TRUE,0.04,TRUE,3,39,TRUE,
P31,BQCV,0,No Amp,UNKNOWN,Undetermined,NA,NA,0,NA,-,34.8074,0.9981,-3.4422,95.21442,TRUE,0.04,TRUE,3,39,TRUE,
P32,BQCV,0,No Amp,UNKNOWN,Undetermined,NA,NA,0,NA,-,34.8074,0.9981,-3.4422,95.21442,TRUE,0.04,TRUE,3,39,TRUE,
P33,BQCV,0,No Amp,UNKNOWN,Undetermined,NA,NA,0,NA,-,34.8074,0.9981,-3.4422,95.21442,TRUE,0.04,TRUE,3,39,TRUE,
P34,BQCV,0,No Amp,UNKNOWN,Undetermined,NA,NA,0,NA,-,34.8074,0.9981,-3.4422,95.21442,TRUE,0.04,TRUE,3,39,TRUE,
P35,BQCV,0,No Amp,UNKNOWN,Undetermined,NA,NA,0,NA,-,34.8074,0.9981,-3.4422,95.21442,TRUE,0.04,TRUE,3,39,TRUE,
P36,BQCV,0,No Amp,UNKNOWN,Undetermined,NA,NA,0,NA,-,34.8074,0.9981,-3.4422,95.21442,TRUE,0.04,TRUE,3,39,TRUE,
P37,BQCV,0,No Amp,UNKNOWN,Undetermined,NA,NA,0,NA,-,34.8074,0.9981,-3.4422,95.21442,TRUE,0.04,TRUE,3,39,TRUE,
P38,BQCV,0,No Amp,UNKNOWN,Undetermined,NA,NA,0,NA,-,34.8074,0.9981,-3.4422,95.21442,TRUE,0.04,TRUE,3,39,TRUE,
P27,BQCV,0,No Amp,UNKNOWN,Undetermined,NA,NA,0,NA,-,34.8074,0.9981,-3.4422,95.21442,TRUE,0.04,TRUE,3,39,TRUE,
P28,BQCV,1.131,Amp,UNKNOWN,32.873,32.911,0.055,3.648,3.556,0.13,34.8074,0.9981,-3.4422,95.21442,TRUE,0.04,TRUE,3,30,FALSE,
P29,BQCV,0,No Amp,UNKNOWN,Undetermined,NA,NA,0,NA,-,34.8074,0.9981,-3.4422,95.21442,TRUE,0.04,TRUE,3,39,TRUE,
P30,BQCV,0,No Amp,UNKNOWN,Undetermined,NA,NA,2.53E+10,NA,-,34.8074,0.9981,-3.4422,95.21442,TRUE,0.04,TRUE,3,39,FALSE,
P31,BQCV,0,No Amp,UNKNOWN,Undetermined,NA,NA,0,NA,-,34.8074,0.9981,-3.4422,95.21442,TRUE,0.04,TRUE,3,39,TRUE,
P32,BQCV,0,No Amp,UNKNOWN,Undetermined,NA,NA,0,NA,-,34.8074,0.9981,-3.4422,95.21442,TRUE,0.04,TRUE,3,39,TRUE,
P33,BQCV,0,No Amp,UNKNOWN,Undetermined,NA,NA,0,NA,-,34.8074,0.9981,-3.4422,95.21442,TRUE,0.04,TRUE,3,39,TRUE,
P34,BQCV,0,No Amp,UNKNOWN,Undetermined,NA,NA,0,NA,-,34.8074,0.9981,-3.4422,95.21442,TRUE,0.04,TRUE,3,39,TRUE,
P35,BQCV,0,No Amp,UNKNOWN,Undetermined,NA,NA,0,NA,-,34.8074,0.9981,-3.4422,95.21442,TRUE,0.04,TRUE,3,39,TRUE,
P36,BQCV,0,No Amp,UNKNOWN,Undetermined,NA,NA,0,NA,-,34.8074,0.9981,-3.4422,95.21442,TRUE,0.04,TRUE,3,39,TRUE,
P37,BQCV,0,No Amp,UNKNOWN,Undetermined,NA,NA,0,NA,-,34.8074,0.9981,-3.4422,95.21442,TRUE,0.04,TRUE,3,39,TRUE,
P38,BQCV,0,No Amp,UNKNOWN,Undetermined,NA,NA,0,NA,-,34.8074,0.9981,-3.4422,95.21442,TRUE,0.04,TRUE,3,39,TRUE,
P39,DWV,0,No Amp,UNKNOWN,Undetermined,NA,NA,0,NA,-,35.2228,0.993,-3.5567,91.05548,TRUE,0.04,TRUE,3,39,TRUE,
P40,DWV,0,No Amp,UNKNOWN,Undetermined,NA,NA,0,NA,-,35.2228,0.993,-3.5567,91.05548,TRUE,0.04,TRUE,3,39,TRUE,
P41,DWV,0,No Amp,UNKNOWN,Undetermined,NA,NA,0,NA,-,35.2228,0.993,-3.5567,91.05548,TRUE,0.04,TRUE,3,39,TRUE,
P42,DWV,0.715,No Amp,UNKNOWN,39.261,NA,NA,0,NA,-,35.2228,0.993,-3.5567,91.05548,TRUE,0.04,TRUE,3,35,TRUE,
P43,DWV,0,No Amp,UNKNOWN,Undetermined,NA,NA,0,NA,-,35.2228,0.993,-3.5567,91.05548,TRUE,0.04,TRUE,3,39,TRUE,
P44,DWV,0,No Amp,UNKNOWN,Undetermined,NA,NA,0,NA,-,35.2228,0.993,-3.5567,91.05548,TRUE,0.04,TRUE,3,39,TRUE,
P45,DWV,0,No Amp,UNKNOWN,Undetermined,NA,NA,0,NA,-,35.2228,0.993,-3.5567,91.05548,TRUE,0.04,TRUE,3,39,TRUE,
P46,DWV,0,No Amp,UNKNOWN,Undetermined,NA,NA,0,NA,-,35.2228,0.993,-3.5567,91.05548,TRUE,0.04,TRUE,3,39,TRUE,
P47,DWV,0,No Amp,UNKNOWN,Undetermined,NA,NA,0,NA,-,35.2228,0.993,-3.5567,91.05548,TRUE,0.04,TRUE,3,39,TRUE,
P48,DWV,0,No Amp,UNKNOWN,Undetermined,NA,NA,0,NA,-,35.2228,0.993,-3.5567,91.05548,TRUE,0.04,TRUE,3,39,TRUE,
P49,DWV,0,No Amp,UNKNOWN,Undetermined,NA,NA,0,NA,-,35.2228,0.993,-3.5567,91.05548,TRUE,0.04,TRUE,3,39,TRUE,
No Sample,DWV,0,No Amp,NTC,Undetermined,NA,NA,-,NA,-,35.2228,0.993,-3.5567,91.05548,TRUE,0.04,TRUE,3,39,TRUE,
P39,DWV,0,No Amp,UNKNOWN,Undetermined,NA,NA,0,NA,-,35.2228,0.993,-3.5567,91.05548,TRUE,0.04,TRUE,3,39,TRUE,
P40,DWV,0.986,No Amp,UNKNOWN,37.636,37.636,NA,0.21,0.21,-,35.2228,0.993,-3.5567,91.05548,TRUE,0.04,TRUE,3,34,FALSE,
P41,DWV,0,No Amp,UNKNOWN,Undetermined,NA,NA,0,NA,-,35.2228,0.993,-3.5567,91.05548,TRUE,0.04,TRUE,3,39,TRUE,
P42,DWV,0,No Amp,UNKNOWN,Undetermined,NA,NA,0,NA,-,35.2228,0.993,-3.5567,91.05548,TRUE,0.04,TRUE,3,39,TRUE,
P43,DWV,0,No Amp,UNKNOWN,Undetermined,NA,NA,0,NA,-,35.2228,0.993,-3.5567,91.05548,TRUE,0.04,TRUE,3,39,TRUE,
P44,DWV,0,No Amp,UNKNOWN,Undetermined,NA,NA,0,NA,-,35.2228,0.993,-3.5567,91.05548,TRUE,0.04,TRUE,3,39,TRUE,
P45,DWV,0,No Amp,UNKNOWN,Undetermined,NA,NA,0,NA,-,35.2228,0.993,-3.5567,91.05548,TRUE,0.04,TRUE,3,39,TRUE,
P46,DWV,0,No Amp,UNKNOWN,Undetermined,NA,NA,0,NA,-,35.2228,0.993,-3.5567,91.05548,TRUE,0.04,TRUE,3,39,TRUE,
P47,DWV,0,No Amp,UNKNOWN,Undetermined,NA,NA,0,NA,-,35.2228,0.993,-3.5567,91.05548,TRUE,0.04,TRUE,3,39,TRUE,
P48,DWV,0,No Amp,UNKNOWN,Undetermined,NA,NA,0,NA,-,35.2228,0.993,-3.5567,91.05548,TRUE,0.04,TRUE,3,39,TRUE,
P49,DWV,0,No Amp,UNKNOWN,Undetermined,NA,NA,0,NA,-,35.2228,0.993,-3.5567,91.05548,TRUE,0.04,TRUE,3,39,TRUE,
Gblock,DWV,1.355,Amp,UNKNOWN,7.714,7.714,NA,5.43E+07,5.43E+07,-,35.2228,0.993,-3.5567,91.05548,TRUE,0.04,TRUE,3,5,FALSE,
P39,BQCV,0,No Amp,UNKNOWN,Undetermined,NA,NA,0,NA,-,34.8074,0.9981,-3.4422,95.21442,TRUE,0.04,TRUE,3,39,TRUE,
P40,BQCV,0,No Amp,UNKNOWN,Undetermined,NA,NA,0,NA,-,34.8074,0.9981,-3.4422,95.21442,TRUE,0.04,TRUE,3,39,TRUE,
P41,BQCV,0,No Amp,UNKNOWN,Undetermined,NA,NA,0,NA,-,34.8074,0.9981,-3.4422,95.21442,TRUE,0.04,TRUE,3,39,TRUE,
P42,BQCV,0,No Amp,UNKNOWN,Undetermined,NA,NA,0,NA,-,34.8074,0.9981,-3.4422,95.21442,TRUE,0.04,TRUE,3,39,TRUE,
P43,BQCV,0,No Amp,UNKNOWN,Undetermined,NA,NA,0,NA,-,34.8074,0.9981,-3.4422,95.21442,TRUE,0.04,TRUE,3,39,TRUE,
P44,BQCV,0,No Amp,UNKNOWN,Undetermined,NA,NA,0,NA,-,34.8074,0.9981,-3.4422,95.21442,TRUE,0.04,TRUE,3,39,TRUE,
P45,BQCV,0,No Amp,UNKNOWN,Undetermined,NA,NA,0,NA,-,34.8074,0.9981,-3.4422,95.21442,TRUE,0.04,TRUE,3,39,TRUE,
P46,BQCV,0,No Amp,UNKNOWN,Undetermined,NA,NA,0,NA,-,34.8074,0.9981,-3.4422,95.21442,TRUE,0.04,TRUE,3,39,TRUE,
P47,BQCV,0,No Amp,UNKNOWN,Undetermined,NA,NA,0,NA,-,34.8074,0.9981,-3.4422,95.21442,TRUE,0.04,TRUE,3,39,TRUE,
P48,BQCV,0,No Amp,UNKNOWN,Undetermined,NA,NA,0,NA,-,34.8074,0.9981,-3.4422,95.21442,TRUE,0.04,TRUE,3,39,TRUE,
P49,BQCV,0,No Amp,UNKNOWN,Undetermined,NA,NA,0,NA,-,34.8074,0.9981,-3.4422,95.21442,TRUE,0.04,TRUE,3,39,TRUE,
No Sample,BQCV,0,No Amp,NTC,Undetermined,NA,NA,-,NA,-,34.8074,0.9981,-3.4422,95.21442,TRUE,0.04,TRUE,3,39,TRUE,
P39,BQCV,0,No Amp,UNKNOWN,Undetermined,NA,NA,0,NA,-,34.8074,0.9981,-3.4422,95.21442,TRUE,0.04,TRUE,3,39,TRUE,
P40,BQCV,0,No Amp,UNKNOWN,Undetermined,NA,NA,0,NA,-,34.8074,0.9981,-3.4422,95.21442,TRUE,0.04,TRUE,3,39,TRUE,
P41,BQCV,0,No Amp,UNKNOWN,Undetermined,NA,NA,0,NA,-,34.8074,0.9981,-3.4422,95.21442,TRUE,0.04,TRUE,3,39,TRUE,
P42,BQCV,0,No Amp,UNKNOWN,Undetermined,NA,NA,0,NA,-,34.8074,0.9981,-3.4422,95.21442,TRUE,0.04,TRUE,3,39,TRUE,
P43,BQCV,0,No Amp,UNKNOWN,Undetermined,NA,NA,0,NA,-,34.8074,0.9981,-3.4422,95.21442,TRUE,0.04,TRUE,3,39,TRUE,
P44,BQCV,0,No Amp,UNKNOWN,Undetermined,NA,NA,0,NA,-,34.8074,0.9981,-3.4422,95.21442,TRUE,0.04,TRUE,3,39,TRUE,
P45,BQCV,0,No Amp,UNKNOWN,Undetermined,NA,NA,0,NA,-,34.8074,0.9981,-3.4422,95.21442,TRUE,0.04,TRUE,3,39,TRUE,
P46,BQCV,0,No Amp,UNKNOWN,Undetermined,NA,NA,0,NA,-,34.8074,0.9981,-3.4422,95.21442,TRUE,0.04,TRUE,3,39,TRUE,
P47,BQCV,0,No Amp,UNKNOWN,Undetermined,NA,NA,0,NA,-,34.8074,0.9981,-3.4422,95.21442,TRUE,0.04,TRUE,3,39,TRUE,
P48,BQCV,0,No Amp,UNKNOWN,Undetermined,NA,NA,0,NA,-,34.8074,0.9981,-3.4422,95.21442,TRUE,0.04,TRUE,3,39,TRUE,
P49,BQCV,0,No Amp,UNKNOWN,Undetermined,NA,NA,0,NA,-,34.8074,0.9981,-3.4422,95.21442,TRUE,0.04,TRUE,3,39,TRUE,
Gblock,BQCV,1.352,Amp,UNKNOWN,8.61,8.61,NA,4.08E+07,4.08E+07,-,34.8074,0.9981,-3.4422,95.21442,TRUE,0.04,TRUE,3,6,FALSE,
P50,DWV,0,No Amp,UNKNOWN,Undetermined,NA,NA,0,NA,-,35.2228,0.993,-3.5567,91.05548,TRUE,0.072,TRUE,3,39,TRUE,
P51,DWV,0,No Amp,UNKNOWN,Undetermined,NA,NA,0,NA,-,35.2228,0.993,-3.5567,91.05548,TRUE,0.072,TRUE,3,39,TRUE,
P52,DWV,1.263,Amp,UNKNOWN,30.318,30.443,0.177,23.935,22.145,2.532,35.2228,0.993,-3.5567,91.05548,TRUE,0.072,TRUE,3,26,FALSE,
P53,DWV,0,No Amp,UNKNOWN,Undetermined,NA,NA,0,NA,-,35.2228,0.993,-3.5567,91.05548,TRUE,0.072,TRUE,3,39,TRUE,
P54,DWV,0,No Amp,UNKNOWN,Undetermined,NA,NA,0,NA,-,35.2228,0.993,-3.5567,91.05548,TRUE,0.072,TRUE,3,39,TRUE,
P55,DWV,0,No Amp,UNKNOWN,Undetermined,NA,NA,0,NA,-,35.2228,0.993,-3.5567,91.05548,TRUE,0.072,TRUE,3,39,TRUE,
P56,DWV,0,No Amp,UNKNOWN,Undetermined,NA,NA,0,NA,-,35.2228,0.993,-3.5567,91.05548,TRUE,0.072,TRUE,3,39,TRUE,
P57,DWV,0,No Amp,UNKNOWN,Undetermined,NA,NA,0,NA,-,35.2228,0.993,-3.5567,91.05548,TRUE,0.072,TRUE,3,39,TRUE,
P58,DWV,0,No Amp,UNKNOWN,Undetermined,NA,NA,0,NA,-,35.2228,0.993,-3.5567,91.05548,TRUE,0.072,TRUE,3,39,TRUE,
P59,DWV,0,No Amp,UNKNOWN,Undetermined,NA,NA,0,NA,-,35.2228,0.993,-3.5567,91.05548,TRUE,0.072,TRUE,3,39,TRUE,
P60,DWV,0,No Amp,UNKNOWN,Undetermined,NA,NA,0,NA,-,35.2228,0.993,-3.5567,91.05548,TRUE,0.072,TRUE,3,39,TRUE,
P61,DWV,0,No Amp,UNKNOWN,Undetermined,NA,NA,0,NA,-,35.2228,0.993,-3.5567,91.05548,TRUE,0.072,TRUE,3,39,TRUE,
P50,DWV,0,No Amp,UNKNOWN,Undetermined,NA,NA,0,NA,-,35.2228,0.993,-3.5567,91.05548,TRUE,0.072,TRUE,3,39,TRUE,
P51,DWV,0,No Amp,UNKNOWN,Undetermined,NA,NA,0,NA,-,35.2228,0.993,-3.5567,91.05548,TRUE,0.072,TRUE,3,39,TRUE,
P52,DWV,1.262,Amp,UNKNOWN,30.568,30.443,0.177,20.354,22.145,2.532,35.2228,0.993,-3.5567,91.05548,TRUE,0.072,TRUE,3,26,FALSE,
P53,DWV,0,No Amp,UNKNOWN,Undetermined,NA,NA,0,NA,-,35.2228,0.993,-3.5567,91.05548,TRUE,0.072,TRUE,3,39,TRUE,
P54,DWV,0,No Amp,UNKNOWN,Undetermined,NA,NA,0,NA,-,35.2228,0.993,-3.5567,91.05548,TRUE,0.072,TRUE,3,39,TRUE,
P55,DWV,0,No Amp,UNKNOWN,Undetermined,NA,NA,0,NA,-,35.2228,0.993,-3.5567,91.05548,TRUE,0.072,TRUE,3,39,TRUE,
P56,DWV,0,No Amp,UNKNOWN,Undetermined,NA,NA,0,NA,-,35.2228,0.993,-3.5567,91.05548,TRUE,0.072,TRUE,3,39,TRUE,
P57,DWV,0,No Amp,UNKNOWN,Undetermined,NA,NA,0,NA,-,35.2228,0.993,-3.5567,91.05548,TRUE,0.072,TRUE,3,39,TRUE,
P58,DWV,1.216,Amp,UNKNOWN,34.078,34.078,NA,2.099,2.099,-,35.2228,0.993,-3.5567,91.05548,TRUE,0.072,TRUE,3,30,FALSE,
P59,DWV,0,No Amp,UNKNOWN,Undetermined,NA,NA,0,NA,-,35.2228,0.993,-3.5567,91.05548,TRUE,0.072,TRUE,3,39,TRUE,
P60,DWV,0,No Amp,UNKNOWN,Undetermined,NA,NA,0,NA,-,35.2228,0.993,-3.5567,91.05548,TRUE,0.072,TRUE,3,39,TRUE,
P61,DWV,0,No Amp,UNKNOWN,Undetermined,NA,NA,0,NA,-,35.2228,0.993,-3.5567,91.05548,TRUE,0.072,TRUE,3,39,TRUE,
P50,BQCV,0,No Amp,UNKNOWN,Undetermined,NA,NA,0,NA,-,34.8074,0.9981,-3.4422,95.21442,TRUE,0.078,TRUE,3,39,TRUE,
P51,BQCV,0,No Amp,UNKNOWN,Undetermined,NA,NA,0,NA,-,34.8074,0.9981,-3.4422,95.21442,TRUE,0.078,TRUE,3,39,TRUE,
P52,BQCV,1.269,Amp,UNKNOWN,29.033,28.95,0.117,47.586,50.373,3.941,34.8074,0.9981,-3.4422,95.21442,TRUE,0.078,TRUE,3,25,FALSE,
P53,BQCV,0,No Amp,UNKNOWN,Undetermined,NA,NA,0,NA,-,34.8074,0.9981,-3.4422,95.21442,TRUE,0.078,TRUE,3,39,TRUE,
P54,BQCV,0,No Amp,UNKNOWN,Undetermined,NA,NA,0,NA,-,34.8074,0.9981,-3.4422,95.21442,TRUE,0.078,TRUE,3,39,TRUE,
P55,BQCV,0,No Amp,UNKNOWN,Undetermined,NA,NA,0,NA,-,34.8074,0.9981,-3.4422,95.21442,TRUE,0.078,TRUE,3,39,TRUE,
P56,BQCV,0,No Amp,UNKNOWN,Undetermined,NA,NA,0,NA,-,34.8074,0.9981,-3.4422,95.21442,TRUE,0.078,TRUE,3,39,TRUE,
P57,BQCV,0,No Amp,UNKNOWN,Undetermined,NA,NA,0,NA,-,34.8074,0.9981,-3.4422,95.21442,TRUE,0.078,TRUE,3,39,TRUE,
P58,BQCV,0,No Amp,UNKNOWN,Undetermined,NA,NA,0,NA,-,34.8074,0.9981,-3.4422,95.21442,TRUE,0.078,TRUE,3,39,TRUE,
P59,BQCV,0,No Amp,UNKNOWN,Undetermined,NA,NA,0,NA,-,34.8074,0.9981,-3.4422,95.21442,TRUE,0.078,TRUE,3,39,TRUE,
P60,BQCV,0,No Amp,UNKNOWN,Undetermined,NA,NA,0,NA,-,34.8074,0.9981,-3.4422,95.21442,TRUE,0.078,TRUE,3,39,TRUE,
P61,BQCV,0,No Amp,UNKNOWN,Undetermined,NA,NA,0,NA,-,34.8074,0.9981,-3.4422,95.21442,TRUE,0.078,TRUE,3,39,TRUE,
P50,BQCV,0,No Amp,UNKNOWN,Undetermined,NA,NA,0,NA,-,34.8074,0.9981,-3.4422,95.21442,TRUE,0.078,TRUE,3,39,TRUE,
P51,BQCV,0,No Amp,UNKNOWN,Undetermined,NA,NA,0,NA,-,34.8074,0.9981,-3.4422,95.21442,TRUE,0.078,TRUE,3,39,TRUE,
P52,BQCV,1.277,Amp,UNKNOWN,28.868,28.95,0.117,53.16,50.373,3.941,34.8074,0.9981,-3.4422,95.21442,TRUE,0.078,TRUE,3,25,FALSE,
P53,BQCV,0,No Amp,UNKNOWN,Undetermined,NA,NA,0,NA,-,34.8074,0.9981,-3.4422,95.21442,TRUE,0.078,TRUE,3,39,TRUE,
P54,BQCV,0,No Amp,UNKNOWN,Undetermined,NA,NA,0,NA,-,34.8074,0.9981,-3.4422,95.21442,TRUE,0.078,TRUE,3,39,TRUE,
P55,BQCV,0,No Amp,UNKNOWN,Undetermined,NA,NA,0,NA,-,34.8074,0.9981,-3.4422,95.21442,TRUE,0.078,TRUE,3,39,TRUE,
P56,BQCV,0,No Amp,UNKNOWN,Undetermined,NA,NA,0,NA,-,34.8074,0.9981,-3.4422,95.21442,TRUE,0.078,TRUE,3,39,TRUE,
P57,BQCV,0,No Amp,UNKNOWN,Undetermined,NA,NA,0,NA,-,34.8074,0.9981,-3.4422,95.21442,TRUE,0.078,TRUE,3,39,TRUE,
P58,BQCV,0,No Amp,UNKNOWN,Undetermined,NA,NA,0,NA,-,34.8074,0.9981,-3.4422,95.21442,TRUE,0.078,TRUE,3,39,TRUE,
P59,BQCV,0,No Amp,UNKNOWN,Undetermined,NA,NA,0,NA,-,34.8074,0.9981,-3.4422,95.21442,TRUE,0.078,TRUE,3,39,TRUE,
P60,BQCV,0,No Amp,UNKNOWN,Undetermined,NA,NA,0,NA,-,34.8074,0.9981,-3.4422,95.21442,TRUE,0.078,TRUE,3,39,TRUE,
P61,BQCV,0,No Amp,UNKNOWN,Undetermined,NA,NA,0,NA,-,34.8074,0.9981,-3.4422,95.21442,TRUE,0.078,TRUE,3,39,TRUE,
P62,DWV,1.102,No Amp,UNKNOWN,36.978,36.978,NA,0.321,0.321,-,35.2228,0.993,-3.5567,91.05548,TRUE,0.072,TRUE,3,33,FALSE,
P63,DWV,1.265,Amp,UNKNOWN,30.604,30.824,0.311,19.885,17.42,3.486,35.2228,0.993,-3.5567,91.05548,TRUE,0.072,TRUE,3,26,FALSE,
P64,DWV,0,No Amp,UNKNOWN,Undetermined,NA,NA,0,NA,-,35.2228,0.993,-3.5567,91.05548,TRUE,0.072,TRUE,3,39,TRUE,
P65,DWV,0,No Amp,UNKNOWN,Undetermined,NA,NA,0,NA,-,35.2228,0.993,-3.5567,91.05548,TRUE,0.072,TRUE,3,39,TRUE,
P66,DWV,0,No Amp,UNKNOWN,Undetermined,NA,NA,0,NA,-,35.2228,0.993,-3.5567,91.05548,TRUE,0.072,TRUE,3,39,TRUE,
P67,DWV,1.278,Amp,UNKNOWN,29.385,29.282,0.145,43.781,46.897,4.406,35.2228,0.993,-3.5567,91.05548,TRUE,0.072,TRUE,3,25,FALSE,
P68,DWV,1.264,Amp,UNKNOWN,26.39,26.385,0.007,304.375,305.338,1.361,35.2228,0.993,-3.5567,91.05548,TRUE,0.072,TRUE,3,22,FALSE,
P69,DWV,0,No Amp,UNKNOWN,Undetermined,NA,NA,0,NA,-,35.2228,0.993,-3.5567,91.05548,TRUE,0.072,TRUE,3,39,TRUE,
P70,DWV,0,No Amp,UNKNOWN,Undetermined,NA,NA,0,NA,-,35.2228,0.993,-3.5567,91.05548,TRUE,0.072,TRUE,3,39,TRUE,
P71,DWV,0,No Amp,UNKNOWN,Undetermined,NA,NA,0,NA,-,35.2228,0.993,-3.5567,91.05548,TRUE,0.072,TRUE,3,39,TRUE,
P72,DWV,1.273,Amp,UNKNOWN,32.828,32.458,0.524,4.712,6.161,2.05,35.2228,0.993,-3.5567,91.05548,TRUE,0.072,TRUE,3,29,FALSE,
No Sample,DWV,0,No Amp,NTC,Undetermined,NA,NA,-,NA,-,35.2228,0.993,-3.5567,91.05548,TRUE,0.072,TRUE,3,39,TRUE,
P62,DWV,0,No Amp,UNKNOWN,Undetermined,NA,NA,0,NA,-,35.2228,0.993,-3.5567,91.05548,TRUE,0.072,TRUE,3,39,TRUE,
P63,DWV,1.274,Amp,UNKNOWN,31.044,30.824,0.311,14.956,17.42,3.486,35.2228,0.993,-3.5567,91.05548,TRUE,0.072,TRUE,3,27,FALSE,
P64,DWV,0,No Amp,UNKNOWN,Undetermined,NA,NA,0,NA,-,35.2228,0.993,-3.5567,91.05548,TRUE,0.072,TRUE,3,39,TRUE,
P65,DWV,0,No Amp,UNKNOWN,Undetermined,NA,NA,0,NA,-,35.2228,0.993,-3.5567,91.05548,TRUE,0.072,TRUE,3,39,TRUE,
P66,DWV,0,No Amp,UNKNOWN,Undetermined,NA,NA,0,NA,-,35.2228,0.993,-3.5567,91.05548,TRUE,0.072,TRUE,3,39,TRUE,
P67,DWV,1.273,Amp,UNKNOWN,29.18,29.282,0.145,50.012,46.897,4.406,35.2228,0.993,-3.5567,91.05548,TRUE,0.072,TRUE,3,25,FALSE,
P68,DWV,1.264,Amp,UNKNOWN,26.38,26.385,0.007,306.3,305.338,1.361,35.2228,0.993,-3.5567,91.05548,TRUE,0.072,TRUE,3,22,FALSE,
P69,DWV,0,No Amp,UNKNOWN,Undetermined,NA,NA,0,NA,-,35.2228,0.993,-3.5567,91.05548,TRUE,0.072,TRUE,3,39,TRUE,
P70,DWV,0,No Amp,UNKNOWN,Undetermined,NA,NA,0,NA,-,35.2228,0.993,-3.5567,91.05548,TRUE,0.072,TRUE,3,39,TRUE,
P71,DWV,0,No Amp,UNKNOWN,Undetermined,NA,NA,0,NA,-,35.2228,0.993,-3.5567,91.05548,TRUE,0.072,TRUE,3,39,TRUE,
P72,DWV,1.289,Amp,UNKNOWN,32.088,32.458,0.524,7.611,6.161,2.05,35.2228,0.993,-3.5567,91.05548,TRUE,0.072,TRUE,3,28,FALSE,
Gblock,DWV,1.344,Amp,UNKNOWN,8.547,8.547,NA,3.16E+07,3.16E+07,-,35.2228,0.993,-3.5567,91.05548,TRUE,0.072,TRUE,3,5,FALSE,
P62,BQCV,0,No Amp,UNKNOWN,Undetermined,NA,NA,0,NA,-,34.8074,0.9981,-3.4422,95.21442,TRUE,0.078,TRUE,3,39,TRUE,
P63,BQCV,1.269,Amp,UNKNOWN,29.369,29.487,0.167,38.017,35.239,3.928,34.8074,0.9981,-3.4422,95.21442,TRUE,0.078,TRUE,3,25,FALSE,
P64,BQCV,0,No Amp,UNKNOWN,Undetermined,NA,NA,0,NA,-,34.8074,0.9981,-3.4422,95.21442,TRUE,0.078,TRUE,3,39,TRUE,
P65,BQCV,0,No Amp,UNKNOWN,Undetermined,NA,NA,0,NA,-,34.8074,0.9981,-3.4422,95.21442,TRUE,0.078,TRUE,3,39,TRUE,
P66,BQCV,0,No Amp,UNKNOWN,Undetermined,NA,NA,0,NA,-,34.8074,0.9981,-3.4422,95.21442,TRUE,0.078,TRUE,3,39,TRUE,
P67,BQCV,1.291,Amp,UNKNOWN,30.959,31.553,0.839,13.119,6.56,9.277,34.8074,0.9981,-3.4422,95.21442,TRUE,0.078,TRUE,3,27,FALSE,
P68,BQCV,1.267,Amp,UNKNOWN,29.974,29.766,0.294,25.362,29.427,5.749,34.8074,0.9981,-3.4422,95.21442,TRUE,0.078,TRUE,3,26,FALSE,
P69,BQCV,0,No Amp,UNKNOWN,Undetermined,NA,NA,0,NA,-,34.8074,0.9981,-3.4422,95.21442,TRUE,0.078,TRUE,3,39,TRUE,
P70,BQCV,0,No Amp,UNKNOWN,Undetermined,NA,NA,0,NA,-,34.8074,0.9981,-3.4422,95.21442,TRUE,0.078,TRUE,3,39,TRUE,
P71,BQCV,1.263,Amp,UNKNOWN,33.897,33.897,NA,1.839,1.839,-,34.8074,0.9981,-3.4422,95.21442,TRUE,0.078,TRUE,3,30,FALSE,
P72,BQCV,0,No Amp,UNKNOWN,Undetermined,NA,NA,0,NA,-,34.8074,0.9981,-3.4422,95.21442,TRUE,0.078,TRUE,3,39,TRUE,
No Sample,BQCV,0,No Amp,NTC,Undetermined,NA,NA,-,NA,-,34.8074,0.9981,-3.4422,95.21442,TRUE,0.078,TRUE,3,39,TRUE,
P62,BQCV,0,No Amp,UNKNOWN,Undetermined,NA,NA,0,NA,-,34.8074,0.9981,-3.4422,95.21442,TRUE,0.078,TRUE,3,39,TRUE,
P63,BQCV,1.271,Amp,UNKNOWN,29.605,29.487,0.167,32.462,35.239,3.928,34.8074,0.9981,-3.4422,95.21442,TRUE,0.078,TRUE,3,25,FALSE,
P64,BQCV,0,No Amp,UNKNOWN,Undetermined,NA,NA,0,NA,-,34.8074,0.9981,-3.4422,95.21442,TRUE,0.078,TRUE,3,39,TRUE,
P65,BQCV,0,No Amp,UNKNOWN,Undetermined,NA,NA,0,NA,-,34.8074,0.9981,-3.4422,95.21442,TRUE,0.078,TRUE,3,39,TRUE,
P66,BQCV,0,No Amp,UNKNOWN,Undetermined,NA,NA,0,NA,-,34.8074,0.9981,-3.4422,95.21442,TRUE,0.078,TRUE,3,39,TRUE,
P67,BQCV,1.277,Amp,UNKNOWN,32.146,NA,NA,0,NA,-,34.8074,0.9981,-3.4422,95.21442,TRUE,0.078,TRUE,3,28,TRUE,
P68,BQCV,1.269,Amp,UNKNOWN,29.558,29.766,0.294,33.492,29.427,5.749,34.8074,0.9981,-3.4422,95.21442,TRUE,0.078,TRUE,3,25,FALSE,
P69,BQCV,0,No Amp,UNKNOWN,Undetermined,NA,NA,0,NA,-,34.8074,0.9981,-3.4422,95.21442,TRUE,0.078,TRUE,3,39,TRUE,
P70,BQCV,0,No Amp,UNKNOWN,Undetermined,NA,NA,0,NA,-,34.8074,0.9981,-3.4422,95.21442,TRUE,0.078,TRUE,3,39,TRUE,
P71,BQCV,0,No Amp,UNKNOWN,Undetermined,NA,NA,0,NA,-,34.8074,0.9981,-3.4422,95.21442,TRUE,0.078,TRUE,3,39,TRUE,
P72,BQCV,0,No Amp,UNKNOWN,Undetermined,NA,NA,0,NA,-,34.8074,0.9981,-3.4422,95.21442,TRUE,0.078,TRUE,3,39,TRUE,
Gblock,BQCV,1.348,Amp,UNKNOWN,7.387,7.387,NA,9.24E+07,9.24E+07,-,34.8074,0.9981,-3.4422,95.21442,TRUE,0.078,TRUE,3,4,FALSE,
P73,DWV,0,No Amp,UNKNOWN,Undetermined,NA,NA,0,NA,-,35.2228,0.993,-3.5567,91.05548,TRUE,0.04,TRUE,3,39,TRUE,
P74,DWV,0,No Amp,UNKNOWN,Undetermined,NA,NA,0,NA,-,35.2228,0.993,-3.5567,91.05548,TRUE,0.04,TRUE,3,39,TRUE,
P75,DWV,0,No Amp,UNKNOWN,Undetermined,NA,NA,0,NA,-,35.2228,0.993,-3.5567,91.05548,TRUE,0.04,TRUE,3,39,TRUE,
P76,DWV,0,No Amp,UNKNOWN,Undetermined,NA,NA,0,NA,-,35.2228,0.993,-3.5567,91.05548,TRUE,0.04,TRUE,3,39,TRUE,
P77,DWV,0,No Amp,UNKNOWN,Undetermined,NA,NA,0,NA,-,35.2228,0.993,-3.5567,91.05548,TRUE,0.04,TRUE,3,39,TRUE,
P78,DWV,0,No Amp,UNKNOWN,Undetermined,NA,NA,0,NA,-,35.2228,0.993,-3.5567,91.05548,TRUE,0.04,TRUE,3,39,TRUE,
P79,DWV,0,No Amp,UNKNOWN,Undetermined,NA,NA,0,NA,-,35.2228,0.993,-3.5567,91.05548,TRUE,0.04,TRUE,3,39,TRUE,
P80,DWV,1.136,No Amp,UNKNOWN,35.966,35.966,NA,0.618,0.618,-,35.2228,0.993,-3.5567,91.05548,TRUE,0.04,TRUE,3,33,FALSE,
P81,DWV,0,No Amp,UNKNOWN,Undetermined,NA,NA,0,NA,-,35.2228,0.993,-3.5567,91.05548,TRUE,0.04,TRUE,3,39,TRUE,
P82,DWV,0,No Amp,UNKNOWN,Undetermined,NA,NA,0,NA,-,35.2228,0.993,-3.5567,91.05548,TRUE,0.04,TRUE,3,39,TRUE,
P83,DWV,0,No Amp,UNKNOWN,Undetermined,NA,NA,0,NA,-,35.2228,0.993,-3.5567,91.05548,TRUE,0.04,TRUE,3,39,TRUE,
P84,DWV,0,No Amp,UNKNOWN,Undetermined,NA,NA,0,NA,-,35.2228,0.993,-3.5567,91.05548,TRUE,0.04,TRUE,3,39,TRUE,
P73,DWV,0,No Amp,UNKNOWN,Undetermined,NA,NA,0,NA,-,35.2228,0.993,-3.5567,91.05548,TRUE,0.04,TRUE,3,39,TRUE,
P74,DWV,0,No Amp,UNKNOWN,Undetermined,NA,NA,0,NA,-,35.2228,0.993,-3.5567,91.05548,TRUE,0.04,TRUE,3,39,TRUE,
P75,DWV,0.835,No Amp,UNKNOWN,38.548,38.548,NA,0.116,0.116,-,35.2228,0.993,-3.5567,91.05548,TRUE,0.04,TRUE,3,35,FALSE,
P76,DWV,1.22,Amp,UNKNOWN,33.231,33.231,NA,3.631,3.631,-,35.2228,0.993,-3.5567,91.05548,TRUE,0.04,TRUE,3,30,FALSE,
P77,DWV,0,No Amp,UNKNOWN,Undetermined,NA,NA,0,NA,-,35.2228,0.993,-3.5567,91.05548,TRUE,0.04,TRUE,3,39,TRUE,
P78,DWV,0,No Amp,UNKNOWN,Undetermined,NA,NA,0,NA,-,35.2228,0.993,-3.5567,91.05548,TRUE,0.04,TRUE,3,39,TRUE,
P79,DWV,0,No Amp,UNKNOWN,Undetermined,NA,NA,0,NA,-,35.2228,0.993,-3.5567,91.05548,TRUE,0.04,TRUE,3,39,TRUE,
P80,DWV,0,No Amp,UNKNOWN,Undetermined,NA,NA,0,NA,-,35.2228,0.993,-3.5567,91.05548,TRUE,0.04,TRUE,3,39,TRUE,
P81,DWV,0,No Amp,UNKNOWN,Undetermined,NA,NA,0,NA,-,35.2228,0.993,-3.5567,91.05548,TRUE,0.04,TRUE,3,39,TRUE,
P82,DWV,0,No Amp,UNKNOWN,Undetermined,NA,NA,0,NA,-,35.2228,0.993,-3.5567,91.05548,TRUE,0.04,TRUE,3,39,TRUE,
P83,DWV,0,No Amp,UNKNOWN,Undetermined,NA,NA,0,NA,-,35.2228,0.993,-3.5567,91.05548,TRUE,0.04,TRUE,3,39,TRUE,
P84,DWV,0,No Amp,UNKNOWN,Undetermined,NA,NA,0,NA,-,35.2228,0.993,-3.5567,91.05548,TRUE,0.04,TRUE,3,39,TRUE,
P73,BQCV,0,No Amp,UNKNOWN,Undetermined,NA,NA,0,NA,-,34.8074,0.9981,-3.4422,95.21442,TRUE,0.12,TRUE,3,39,TRUE,
P74,BQCV,0,No Amp,UNKNOWN,Undetermined,NA,NA,0,NA,-,34.8074,0.9981,-3.4422,95.21442,TRUE,0.12,TRUE,3,39,TRUE,
P75,BQCV,0,No Amp,UNKNOWN,Undetermined,NA,NA,0,NA,-,34.8074,0.9981,-3.4422,95.21442,TRUE,0.12,TRUE,3,39,TRUE,
P76,BQCV,0,No Amp,UNKNOWN,Undetermined,NA,NA,0,NA,-,34.8074,0.9981,-3.4422,95.21442,TRUE,0.12,TRUE,3,39,TRUE,
P77,BQCV,1.319,Amp,UNKNOWN,31.299,31.079,0.311,10.45,12.238,2.528,34.8074,0.9981,-3.4422,95.21442,TRUE,0.12,TRUE,3,26,FALSE,
P78,BQCV,0,No Amp,UNKNOWN,Undetermined,NA,NA,0,NA,-,34.8074,0.9981,-3.4422,95.21442,TRUE,0.12,TRUE,3,39,TRUE,
P79,BQCV,0,No Amp,UNKNOWN,Undetermined,NA,NA,0,NA,-,34.8074,0.9981,-3.4422,95.21442,TRUE,0.12,TRUE,3,39,TRUE,
P80,BQCV,0,No Amp,UNKNOWN,Undetermined,NA,NA,0,NA,-,34.8074,0.9981,-3.4422,95.21442,TRUE,0.12,TRUE,3,39,TRUE,
P81,BQCV,0,No Amp,UNKNOWN,Undetermined,NA,NA,0,NA,-,34.8074,0.9981,-3.4422,95.21442,TRUE,0.12,TRUE,3,39,TRUE,
P82,BQCV,0,No Amp,UNKNOWN,Undetermined,NA,NA,0,NA,-,34.8074,0.9981,-3.4422,95.21442,TRUE,0.12,TRUE,3,39,TRUE,
P83,BQCV,0,No Amp,UNKNOWN,Undetermined,NA,NA,0,NA,-,34.8074,0.9981,-3.4422,95.21442,TRUE,0.12,TRUE,3,39,TRUE,
P84,BQCV,0,No Amp,UNKNOWN,Undetermined,NA,NA,0,NA,-,34.8074,0.9981,-3.4422,95.21442,TRUE,0.12,TRUE,3,39,TRUE,
P73,BQCV,0,No Amp,UNKNOWN,Undetermined,NA,NA,0,NA,-,34.8074,0.9981,-3.4422,95.21442,TRUE,0.12,TRUE,3,39,TRUE,
P74,BQCV,0,No Amp,UNKNOWN,Undetermined,NA,NA,0,NA,-,34.8074,0.9981,-3.4422,95.21442,TRUE,0.12,TRUE,3,39,TRUE,
P75,BQCV,0,No Amp,UNKNOWN,Undetermined,NA,NA,0,NA,-,34.8074,0.9981,-3.4422,95.21442,TRUE,0.12,TRUE,3,39,TRUE,
P76,BQCV,0,No Amp,UNKNOWN,Undetermined,NA,NA,0,NA,-,34.8074,0.9981,-3.4422,95.21442,TRUE,0.12,TRUE,3,39,TRUE,
P77,BQCV,1.324,Amp,UNKNOWN,30.859,31.079,0.311,14.025,12.238,2.528,34.8074,0.9981,-3.4422,95.21442,TRUE,0.12,TRUE,3,26,FALSE,
P78,BQCV,0,No Amp,UNKNOWN,Undetermined,NA,NA,0,NA,-,34.8074,0.9981,-3.4422,95.21442,TRUE,0.12,TRUE,3,39,TRUE,
P79,BQCV,0,No Amp,UNKNOWN,Undetermined,NA,NA,0,NA,-,34.8074,0.9981,-3.4422,95.21442,TRUE,0.12,TRUE,3,39,TRUE,
P80,BQCV,0,No Amp,UNKNOWN,Undetermined,NA,NA,0,NA,-,34.8074,0.9981,-3.4422,95.21442,TRUE,0.12,TRUE,3,39,TRUE,
P81,BQCV,0,No Amp,UNKNOWN,Undetermined,NA,NA,0,NA,-,34.8074,0.9981,-3.4422,95.21442,TRUE,0.12,TRUE,3,39,TRUE,
P82,BQCV,0,No Amp,UNKNOWN,Undetermined,NA,NA,0,NA,-,34.8074,0.9981,-3.4422,95.21442,TRUE,0.12,TRUE,3,39,TRUE,
P83,BQCV,0,No Amp,UNKNOWN,Undetermined,NA,NA,0,NA,-,34.8074,0.9981,-3.4422,95.21442,TRUE,0.12,TRUE,3,39,TRUE,
P84,BQCV,0,No Amp,UNKNOWN,Undetermined,NA,NA,0,NA,-,34.8074,0.9981,-3.4422,95.21442,TRUE,0.12,TRUE,3,39,TRUE,
P85,DWV,0.989,Amp,UNKNOWN,31.313,33.188,2.651,12.565,6.837,8.1,35.2228,0.993,-3.5567,91.05548,TRUE,0.04,TRUE,3,28,FALSE,
P86,DWV,0,No Amp,UNKNOWN,Undetermined,NA,NA,0,NA,-,35.2228,0.993,-3.5567,91.05548,TRUE,0.04,TRUE,3,39,TRUE,
P87,DWV,0,No Amp,UNKNOWN,Undetermined,NA,NA,0,NA,-,35.2228,0.993,-3.5567,91.05548,TRUE,0.04,TRUE,3,39,TRUE,
P88,DWV,0,No Amp,UNKNOWN,Undetermined,NA,NA,0,NA,-,35.2228,0.993,-3.5567,91.05548,TRUE,0.04,TRUE,3,39,TRUE,
P89,DWV,0,No Amp,UNKNOWN,Undetermined,NA,NA,0,NA,-,35.2228,0.993,-3.5567,91.05548,TRUE,0.04,TRUE,3,39,TRUE,
P90,DWV,0,No Amp,UNKNOWN,Undetermined,NA,NA,0,NA,-,35.2228,0.993,-3.5567,91.05548,TRUE,0.04,TRUE,3,39,TRUE,
P91,DWV,0,No Amp,UNKNOWN,Undetermined,NA,NA,0,NA,-,35.2228,0.993,-3.5567,91.05548,TRUE,0.04,TRUE,3,39,TRUE,
P92,DWV,0,No Amp,UNKNOWN,Undetermined,NA,NA,0,NA,-,35.2228,0.993,-3.5567,91.05548,TRUE,0.04,TRUE,3,39,TRUE,
P93,DWV,0.482,No Amp,UNKNOWN,Undetermined,NA,NA,0,NA,-,35.2228,0.993,-3.5567,91.05548,TRUE,0.04,TRUE,3,35,TRUE,
P94,DWV,0,No Amp,UNKNOWN,Undetermined,NA,NA,0,NA,-,35.2228,0.993,-3.5567,91.05548,TRUE,0.04,TRUE,3,39,TRUE,
P95,DWV,0,No Amp,UNKNOWN,Undetermined,NA,NA,0,NA,-,35.2228,0.993,-3.5567,91.05548,TRUE,0.04,TRUE,3,39,TRUE,
No Sample,DWV,0,No Amp,NTC,Undetermined,NA,NA,-,NA,-,35.2228,0.993,-3.5567,91.05548,TRUE,0.04,TRUE,3,39,TRUE,
P85,DWV,1.044,Amp,UNKNOWN,35.063,33.188,2.651,1.109,6.837,8.1,35.2228,0.993,-3.5567,91.05548,TRUE,0.04,TRUE,3,32,FALSE,
P86,DWV,0,No Amp,UNKNOWN,Undetermined,NA,NA,0,NA,-,35.2228,0.993,-3.5567,91.05548,TRUE,0.04,TRUE,3,39,TRUE,
P87,DWV,0,No Amp,UNKNOWN,Undetermined,NA,NA,0,NA,-,35.2228,0.993,-3.5567,91.05548,TRUE,0.04,TRUE,3,39,TRUE,
P88,DWV,0,No Amp,UNKNOWN,Undetermined,NA,NA,0,NA,-,35.2228,0.993,-3.5567,91.05548,TRUE,0.04,TRUE,3,39,TRUE,
P89,DWV,0,No Amp,UNKNOWN,Undetermined,NA,NA,0,NA,-,35.2228,0.993,-3.5567,91.05548,TRUE,0.04,TRUE,3,39,TRUE,
P90,DWV,0,No Amp,UNKNOWN,Undetermined,NA,NA,0,NA,-,35.2228,0.993,-3.5567,91.05548,TRUE,0.04,TRUE,3,39,TRUE,
P91,DWV,0,No Amp,UNKNOWN,Undetermined,NA,NA,0,NA,-,35.2228,0.993,-3.5567,91.05548,TRUE,0.04,TRUE,3,39,TRUE,
P92,DWV,0,No Amp,UNKNOWN,Undetermined,NA,NA,0,NA,-,35.2228,0.993,-3.5567,91.05548,TRUE,0.04,TRUE,3,39,TRUE,
P93,DWV,0,No Amp,UNKNOWN,Undetermined,NA,NA,0,NA,-,35.2228,0.993,-3.5567,91.05548,TRUE,0.04,TRUE,3,39,TRUE,
P94,DWV,0,No Amp,UNKNOWN,Undetermined,NA,NA,0,NA,-,35.2228,0.993,-3.5567,91.05548,TRUE,0.04,TRUE,3,39,TRUE,
P95,DWV,0,No Amp,UNKNOWN,Undetermined,NA,NA,0,NA,-,35.2228,0.993,-3.5567,91.05548,TRUE,0.04,TRUE,3,39,TRUE,
Gblock,DWV,1.305,Amp,UNKNOWN,7.265,7.265,NA,7.26E+07,7.26E+07,-,35.2228,0.993,-3.5567,91.05548,TRUE,0.04,TRUE,3,5,FALSE,
P85,BQCV,0,No Amp,UNKNOWN,Undetermined,NA,NA,0,NA,-,34.8074,0.9981,-3.4422,95.21442,TRUE,0.12,TRUE,3,39,TRUE,
P86,BQCV,0,No Amp,UNKNOWN,Undetermined,NA,NA,0,NA,-,34.8074,0.9981,-3.4422,95.21442,TRUE,0.12,TRUE,3,39,TRUE,
P87,BQCV,0,No Amp,UNKNOWN,Undetermined,NA,NA,0,NA,-,34.8074,0.9981,-3.4422,95.21442,TRUE,0.12,TRUE,3,39,TRUE,
P88,BQCV,0,No Amp,UNKNOWN,Undetermined,NA,NA,0,NA,-,34.8074,0.9981,-3.4422,95.21442,TRUE,0.12,TRUE,3,39,TRUE,
P89,BQCV,0,No Amp,UNKNOWN,Undetermined,NA,NA,0,NA,-,34.8074,0.9981,-3.4422,95.21442,TRUE,0.12,TRUE,3,39,TRUE,
P90,BQCV,0,No Amp,UNKNOWN,Undetermined,NA,NA,0,NA,-,34.8074,0.9981,-3.4422,95.21442,TRUE,0.12,TRUE,3,39,TRUE,
P91,BQCV,0,No Amp,UNKNOWN,Undetermined,NA,NA,0,NA,-,34.8074,0.9981,-3.4422,95.21442,TRUE,0.12,TRUE,3,39,TRUE,
P92,BQCV,1.332,Amp,UNKNOWN,29.933,30.449,0.729,26.063,19.57,9.182,34.8074,0.9981,-3.4422,95.21442,TRUE,0.12,TRUE,3,25,FALSE,
P93,BQCV,0,No Amp,UNKNOWN,Undetermined,NA,NA,0,NA,-,34.8074,0.9981,-3.4422,95.21442,TRUE,0.12,TRUE,3,39,TRUE,
P94,BQCV,0,No Amp,UNKNOWN,Undetermined,NA,NA,0,NA,-,34.8074,0.9981,-3.4422,95.21442,TRUE,0.12,TRUE,3,39,TRUE,
P95,BQCV,0,No Amp,UNKNOWN,Undetermined,NA,NA,0,NA,-,34.8074,0.9981,-3.4422,95.21442,TRUE,0.12,TRUE,3,39,TRUE,
No Sample,BQCV,0,No Amp,NTC,Undetermined,NA,NA,-,NA,-,34.8074,0.9981,-3.4422,95.21442,TRUE,0.12,TRUE,3,39,TRUE,
P85,BQCV,0,No Amp,UNKNOWN,Undetermined,NA,NA,0,NA,-,34.8074,0.9981,-3.4422,95.21442,TRUE,0.12,TRUE,3,39,TRUE,
P86,BQCV,0,No Amp,UNKNOWN,Undetermined,NA,NA,0,NA,-,34.8074,0.9981,-3.4422,95.21442,TRUE,0.12,TRUE,3,39,TRUE,
P87,BQCV,0,No Amp,UNKNOWN,Undetermined,NA,NA,0,NA,-,34.8074,0.9981,-3.4422,95.21442,TRUE,0.12,TRUE,3,39,TRUE,
P88,BQCV,0,No Amp,UNKNOWN,Undetermined,NA,NA,0,NA,-,34.8074,0.9981,-3.4422,95.21442,TRUE,0.12,TRUE,3,39,TRUE,
P89,BQCV,0,No Amp,UNKNOWN,Undetermined,NA,NA,0,NA,-,34.8074,0.9981,-3.4422,95.21442,TRUE,0.12,TRUE,3,39,TRUE,
P90,BQCV,0,No Amp,UNKNOWN,Undetermined,NA,NA,0,NA,-,34.8074,0.9981,-3.4422,95.21442,TRUE,0.12,TRUE,3,39,TRUE,
P91,BQCV,0,No Amp,UNKNOWN,Undetermined,NA,NA,0,NA,-,34.8074,0.9981,-3.4422,95.21442,TRUE,0.12,TRUE,3,39,TRUE,
P92,BQCV,1.318,Amp,UNKNOWN,30.964,30.449,0.729,13.077,19.57,9.182,34.8074,0.9981,-3.4422,95.21442,TRUE,0.12,TRUE,3,26,FALSE,
P93,BQCV,0,No Amp,UNKNOWN,Undetermined,NA,NA,0,NA,-,34.8074,0.9981,-3.4422,95.21442,TRUE,0.12,TRUE,3,39,TRUE,
P94,BQCV,0,No Amp,UNKNOWN,Undetermined,NA,NA,0,NA,-,34.8074,0.9981,-3.4422,95.21442,TRUE,0.12,TRUE,3,39,TRUE,
P95,BQCV,0,No Amp,UNKNOWN,Undetermined,NA,NA,0,NA,-,34.8074,0.9981,-3.4422,95.21442,TRUE,0.12,TRUE,3,39,TRUE,
Gblock,BQCV,1.355,Amp,UNKNOWN,8.925,8.925,NA,3.30E+07,3.30E+07,-,34.8074,0.9981,-3.4422,95.21442,TRUE,0.12,TRUE,3,5,FALSE,
P96,DWV,0,No Amp,UNKNOWN,Undetermined,NA,NA,0,NA,-,35.2228,0.993,-3.5567,91.05548,TRUE,0.04,TRUE,3,39,TRUE,
P96,DWV,1.043,No Amp,UNKNOWN,36.371,36.371,NA,0.476,0.476,-,35.2228,0.993,-3.5567,91.05548,TRUE,0.04,TRUE,3,33,FALSE,
P96,BQCV,0,No Amp,UNKNOWN,Undetermined,NA,NA,0,NA,-,34.8074,0.9981,-3.4422,95.21442,TRUE,0.04,TRUE,3,39,TRUE,
P96,BQCV,0,No Amp,UNKNOWN,Undetermined,NA,NA,0,NA,-,34.8074,0.9981,-3.4422,95.21442,TRUE,0.04,TRUE,3,39,TRUE,
P97,DWV,0.949,No Amp,UNKNOWN,37.656,37.656,NA,0.207,0.207,-,35.2228,0.993,-3.5567,91.05548,TRUE,0.04,TRUE,3,34,FALSE,
P97,DWV,0,No Amp,UNKNOWN,Undetermined,NA,NA,0,NA,-,35.2228,0.993,-3.5567,91.05548,TRUE,0.04,TRUE,3,39,TRUE,
P97,BQCV,1.22,Amp,UNKNOWN,31.699,31.699,NA,8,8,-,34.8074,0.9981,-3.4422,95.21442,TRUE,0.04,TRUE,3,28,FALSE,
P97,BQCV,0,No Amp,UNKNOWN,Undetermined,NA,NA,0,NA,-,34.8074,0.9981,-3.4422,95.21442,TRUE,0.04,TRUE,3,39,TRUE,
P98,DWV,0,No Amp,UNKNOWN,Undetermined,NA,NA,0,NA,-,35.2228,0.993,-3.5567,91.05548,TRUE,0.04,TRUE,3,39,TRUE,
P98,DWV,1.237,Amp,UNKNOWN,33.735,33.735,NA,2.62,2.62,-,35.2228,0.993,-3.5567,91.05548,TRUE,0.04,TRUE,3,30,FALSE,
P98,BQCV,0,No Amp,UNKNOWN,Undetermined,NA,NA,0,NA,-,34.8074,0.9981,-3.4422,95.21442,TRUE,0.04,TRUE,3,39,TRUE,
P98,BQCV,0.809,No Amp,UNKNOWN,38.432,38.432,NA,0.089,0.089,-,34.8074,0.9981,-3.4422,95.21442,TRUE,0.04,TRUE,3,35,FALSE,
P99,DWV,0,No Amp,UNKNOWN,Undetermined,NA,NA,0,NA,-,35.2228,0.993,-3.5567,91.05548,TRUE,0.04,TRUE,3,39,TRUE,
P99,DWV,0,No Amp,UNKNOWN,Undetermined,NA,NA,0,NA,-,35.2228,0.993,-3.5567,91.05548,TRUE,0.04,TRUE,3,39,TRUE,
P99,BQCV,0,No Amp,UNKNOWN,Undetermined,NA,NA,0,NA,-,34.8074,0.9981,-3.4422,95.21442,TRUE,0.04,TRUE,3,39,TRUE,
P99,BQCV,0,No Amp,UNKNOWN,Undetermined,NA,NA,0,NA,-,34.8074,0.9981,-3.4422,95.21442,TRUE,0.04,TRUE,3,39,TRUE,
P100,DWV,1.168,Amp,UNKNOWN,34.485,34.485,NA,1.612,1.612,-,35.2228,0.993,-3.5567,91.05548,TRUE,0.04,TRUE,3,31,FALSE,
P100,DWV,0,No Amp,UNKNOWN,Undetermined,NA,NA,0,NA,-,35.2228,0.993,-3.5567,91.05548,TRUE,0.04,TRUE,3,39,TRUE,
P100,BQCV,0,No Amp,UNKNOWN,Undetermined,NA,NA,0,NA,-,34.8074,0.9981,-3.4422,95.21442,TRUE,0.04,TRUE,3,39,TRUE,
P100,BQCV,0,No Amp,UNKNOWN,Undetermined,NA,NA,0,NA,-,34.8074,0.9981,-3.4422,95.21442,TRUE,0.04,TRUE,3,39,TRUE,
P101,DWV,0,No Amp,UNKNOWN,Undetermined,NA,NA,0,NA,-,35.2228,0.993,-3.5567,91.05548,TRUE,0.04,TRUE,3,39,TRUE,
P101,DWV,0,No Amp,UNKNOWN,Undetermined,NA,NA,0,NA,-,35.2228,0.993,-3.5567,91.05548,TRUE,0.04,TRUE,3,39,TRUE,
P101,BQCV,0,No Amp,UNKNOWN,Undetermined,NA,NA,0,NA,-,34.8074,0.9981,-3.4422,95.21442,TRUE,0.04,TRUE,3,39,TRUE,
P101,BQCV,0,No Amp,UNKNOWN,Undetermined,NA,NA,0,NA,-,34.8074,0.9981,-3.4422,95.21442,TRUE,0.04,TRUE,3,39,TRUE,
P102,DWV,0,No Amp,UNKNOWN,Undetermined,NA,NA,0,NA,-,35.2228,0.993,-3.5567,91.05548,TRUE,0.04,TRUE,3,39,TRUE,
P102,DWV,1.043,No Amp,UNKNOWN,36.421,36.421,NA,0.46,0.46,-,35.2228,0.993,-3.5567,91.05548,TRUE,0.04,TRUE,3,33,FALSE,
P102,BQCV,0,No Amp,UNKNOWN,Undetermined,NA,NA,0,NA,-,34.8074,0.9981,-3.4422,95.21442,TRUE,0.04,TRUE,3,39,TRUE,
P102,BQCV,0,No Amp,UNKNOWN,Undetermined,NA,NA,0,NA,-,34.8074,0.9981,-3.4422,95.21442,TRUE,0.04,TRUE,3,39,TRUE,
P103,DWV,1.262,Amp,UNKNOWN,28.86,29.089,0.323,61.496,53.616,11.144,35.2228,0.993,-3.5567,91.05548,TRUE,0.04,TRUE,3,26,FALSE,
P103,DWV,1.26,Amp,UNKNOWN,29.318,29.089,0.323,45.737,53.616,11.144,35.2228,0.993,-3.5567,91.05548,TRUE,0.04,TRUE,3,26,FALSE,
P103,BQCV,1.145,No Amp,UNKNOWN,35.588,NA,NA,0,NA,-,34.8074,0.9981,-3.4422,95.21442,TRUE,0.04,TRUE,3,32,TRUE,
P103,BQCV,1.131,No Amp,UNKNOWN,35.735,NA,NA,0,NA,-,34.8074,0.9981,-3.4422,95.21442,TRUE,0.04,TRUE,3,32,TRUE,
NTC,DWV,0,No Amp,UNKNOWN,Undetermined,NA,NA,0,NA,-,35.2228,0.993,-3.5567,91.05548,TRUE,0.04,TRUE,3,39,TRUE,
Gblock,DWV,1.277,Amp,UNKNOWN,7.738,7.738,NA,5.34E+07,5.34E+07,-,35.2228,0.993,-3.5567,91.05548,TRUE,0.04,TRUE,3,5,FALSE,
NTC,BQCV,0,No Amp,UNKNOWN,Undetermined,NA,NA,0,NA,-,34.8074,0.9981,-3.4422,95.21442,TRUE,0.04,TRUE,3,39,TRUE,
Gblock,BQCV,1.29,Amp,UNKNOWN,7.118,7.118,NA,1.11E+08,1.11E+08,-,34.8074,0.9981,-3.4422,95.21442,TRUE,0.04,TRUE,3,5,FALSE,